title,company,location,salary
Business Data Analyst II,DHL Supply Chain,"Carlisle, PA",
Junior Virtual Assistant,ZetaChain Inc,"Fresno, CA",
Junior Data Scientist,Team Remotely Inc,"Detroit, MI",
"Assistant, Data Entry (Part-Time) | Junior, Telecommuting",Sitters Match,"New York, NY",
Work From Home Typing / Data Entry Clerk – Remote,Jobconversion,"San Bernardino, CA",
Remote Data Entry Clerk - Earn at Home – Now Hiring,Jobconversion,"Raleigh, NC",
"Data Entry Clerk, Flex Role",Sitters Match,"San Antonio, TX",
Data Entry Assistant - Remote Flex,Sitters Match,"Phoenix, AZ",
Junior Data Entry Operator - Part Time,Sitters Match,"New York, NY",
"Remote - Assistant, Data Entry",Sitters Match,"San Antonio, TX",
Data Analysis Specialist [HYBRID],Southern California Edison (SCE),"Lancaster, CA",
Jr. Business Analyst,Precision Technologies,"Monmouth Junction, NJ",
"Part-Time Operator, Data Entry | Junior",Sitters Match,"New York, NY",
Analyst - Miami Office,Castle Park Investments,"Miami Beach, FL",
Business Analyst (Starlink),SpaceX,"Redmond, WA",
Senior Business Analyst,New Era Technology,"Cincinnati, OH",
Business Analyst - Securities Lending,Phaxis,New York City Metropolitan Area,
Junior - Data Entry Operator,Sitters Match,"New York, NY",
Director of Data Analysis and Engineering,Millennium Consulting,"Providence, RI",
Financial Analyst,Capital Search Group,"Washington, DC",
Data Specialist I,HOPICS,"Compton, CA",
Data Entry Specialist (Typist) - Remote | WFH,Get.It Recruit - Administrative,"Tulsa, OK",
"Senior Analyst (Houston, Insights)","NexantECA, Energy and Chemicals Advisory","Houston, TX",
Data and Reporting Analyst,USAJOBS,"Wallops Island, VA",
Junior Data Scientist,ZetaChain Inc,"Los Angeles, CA",
Junior Data Analyst,Team Remotely Inc,"Detroit, MI",
Junior Data Scientist,Team Remotely Inc,"Detroit, MI",
Data Analysis,Accroid Inc,"Warrendale, PA",
Junior Data Scientist,ZetaChain Inc,"Los Angeles, CA",
Growth Analyst,KREWE,"New York, NY",
Data BI Analyst,Team Remotely Inc,"Charlotte, NC",
Business Analyst (Starlink),SpaceX,"Redmond, WA",
Data Scientist,Sabot Consulting,"Helena, MT",
Data Analysis Officer,USAJOBS,"Washington, DC",
Junior Data Analyst,ZetaChain Inc,"Los Angeles, CA",
Data Entry Assistant / Full time (Remote) (Remote),xBrain,"Indianapolis, IN",
Data BI Analyst,ZetaChain Inc,"New York, NY",
Data Analyst,Littleton Coin Company,"Atlanta, GA",
Junior - Data Entry Assistant,Sitters Match,"New York, NY",
Data Analyst | $70K-$80K | Must be Local to HQ (No Relo.),IT Pros,"Philadelphia, PA",
"Assistant, Data Entry / Junior, Part-Time",Sitters Match,"Fort Worth, TX",
Data Entry Work From Home – Part Time Job - Remote,Jobconversion,"New York, NY",
Data Analyst,Gallup,"Omaha, NE",
Data Entry Clerk - Junior Remote,Sitters Match,"Houston, TX",
Data Science Analyst,CVS Health,"New York, NY",
Data Entry Specialist (Typist) - Remote | WFH,Get.It Recruit - Administrative,"North Las Vegas, NV",
Junior / Data Entry Assistant,Sitters Match,"Dallas, TX",
Data Entry Specialist (Typist) - Remote | WFH,Get.It Recruit - Administrative,"Augusta, GA",
"Data Entry Specialist, Junior Level",Sitters Match,"Fort Worth, TX",
Junior Data Analyst,Team Remotely Inc,"Detroit, MI",
Junior Data Scientist,Team Remotely Inc,"Detroit, MI",
Data Analysis,Accroid Inc,"Warrendale, PA",
Junior Data Scientist,ZetaChain Inc,"Los Angeles, CA",
Growth Analyst,KREWE,"New York, NY",
Business Analyst (Starlink),SpaceX,"Redmond, WA",
Data Scientist,Sabot Consulting,"Helena, MT",
Data Analysis Officer,USAJOBS,"Washington, DC",
Junior Data Analyst,ZetaChain Inc,"Los Angeles, CA",
Data Entry Assistant / Full time (Remote) (Remote),xBrain,"Indianapolis, IN",
Data Visualization Engineer,Houston Landing,"Houston, TX",
Data Analyst,Littleton Coin Company,"Atlanta, GA",
Junior Data Entry Assistant - No Experience,Sitters Match,"New York, NY",
Business Analyst,Washington State Administrative Office of the Courts,"Washington, United States",
Analyst - Miami Office,Castle Park Investments,"Miami Beach, FL",
Junior - Data Entry Assistant,Sitters Match,"New York, NY",
Data Analyst | $70K-$80K | Must be Local to HQ (No Relo.),IT Pros,"Philadelphia, PA",
"Assistant, Data Entry / Junior, Part-Time",Sitters Match,"Fort Worth, TX",
Data Entry Work From Home – Part Time Job - Remote,Jobconversion,"New York, NY",
Crime Analyst,City of Downey,"Downey, CA",
Data Entry Specialist (Typist) - Remote | WFH,Get.It Recruit - Administrative,"North Las Vegas, NV",
Data Analyst,Gallup,"Omaha, NE",
Data Entry Clerk - Junior Remote,Sitters Match,"Houston, TX",
Data Science Analyst,CVS Health,"New York, NY",
Junior / Data Entry Assistant,Sitters Match,"Dallas, TX",
Measurement Analytics Manager,LinkedIn,"Sunnyvale, CA",
Data Analysis,Perficient,"Plano, TX",
Staff Marketing Data Scientist,SoFi,"New York, NY","$153,600.00
            -
            $264,000.00"
Staff Marketing Data Scientist,SoFi,"Charlotte, NC","$153,600.00
            -
            $264,000.00"
Data Analyst,Ingrain Systems Inc,United States,
Data Analysis,Accroid Inc,"Warrendale, PA",
Risk Management | Analyst | New York,Goldman Sachs,"New York, United States",
Staff Marketing Data Scientist,SoFi,"San Francisco, CA","$153,600.00
            -
            $264,000.00"
Staff Marketing Data Scientist,SoFi,"Seattle, WA","$153,600.00
            -
            $264,000.00"
"Data Scientist, Algorithms - Pricing",Lyft,"San Francisco, CA",
Growth Analyst,KREWE,"New York, NY",
Data Scientist,ParetoHealth,United States,
"Data Analyst, Enterprise Analytics",Oak Street Health,"Chicago, IL",
Staff Marketing Data Scientist,SoFi,"Claymont, DE","$153,600.00
            -
            $264,000.00"
Staff Marketing Data Scientist,SoFi,United States,"$153,600.00
            -
            $264,000.00"
Data Scientist Intern,Intuit,"Mountain View, CA",
Data Scientist Intern,Intuit,"Mountain View, CA",
Data Analyst,"Nortek Air Solutions, LLC","Tualatin, OR",
Entry-Level Business Intelligence Specialist (Power BI),CCS Global Tech,"San Diego, CA",
Investment Strategist,Parallel Consulting,"New York, United States",
Analytics Engineer (L4) - Content & Studio,Netflix,"Los Angeles, CA",
Associate Product Manager,Institute for Integrative Nutrition,New York City Metropolitan Area,
"Senior Product Manager, Business Manager LMS",LinkedIn,"Sunnyvale, CA",
Business Analyst,Arrow Search Partners,"New York, NY",
Portfolio Analyst,Parallel Consulting,New York City Metropolitan Area,
